timestamp, index, name, pci.bus_id, utilization.gpu [%], utilization.memory [%], memory.used [MiB], memory.free [MiB], memory.total [MiB]
2023/06/22 18:56:56.252, 0, NVIDIA GeForce RTX 2070, 00000000:01:00.0, 22 %, 6 %, 841 MiB, 7140 MiB, 8192 MiB
timestamp, index, name, pci.bus_id, utilization.gpu [%], utilization.memory [%], memory.used [MiB], memory.free [MiB], memory.total [MiB]
2023/06/22 18:56:57.274, 0, NVIDIA GeForce RTX 2070, 00000000:01:00.0, 24 %, 13 %, 869 MiB, 7112 MiB, 8192 MiB
timestamp, index, name, pci.bus_id, utilization.gpu [%], utilization.memory [%], memory.used [MiB], memory.free [MiB], memory.total [MiB]
2023/06/22 18:56:58.303, 0, NVIDIA GeForce RTX 2070, 00000000:01:00.0, 29 %, 15 %, 865 MiB, 7116 MiB, 8192 MiB
timestamp, index, name, pci.bus_id, utilization.gpu [%], utilization.memory [%], memory.used [MiB], memory.free [MiB], memory.total [MiB]
2023/06/22 18:56:59.332, 0, NVIDIA GeForce RTX 2070, 00000000:01:00.0, 28 %, 15 %, 865 MiB, 7116 MiB, 8192 MiB
timestamp, index, name, pci.bus_id, utilization.gpu [%], utilization.memory [%], memory.used [MiB], memory.free [MiB], memory.total [MiB]
2023/06/22 18:57:00.362, 0, NVIDIA GeForce RTX 2070, 00000000:01:00.0, 20 %, 10 %, 865 MiB, 7116 MiB, 8192 MiB
timestamp, index, name, pci.bus_id, utilization.gpu [%], utilization.memory [%], memory.used [MiB], memory.free [MiB], memory.total [MiB]
2023/06/22 18:57:01.392, 0, NVIDIA GeForce RTX 2070, 00000000:01:00.0, 37 %, 19 %, 865 MiB, 7116 MiB, 8192 MiB
timestamp, index, name, pci.bus_id, utilization.gpu [%], utilization.memory [%], memory.used [MiB], memory.free [MiB], memory.total [MiB]
2023/06/22 18:57:02.422, 0, NVIDIA GeForce RTX 2070, 00000000:01:00.0, 26 %, 14 %, 817 MiB, 7165 MiB, 8192 MiB
timestamp, index, name, pci.bus_id, utilization.gpu [%], utilization.memory [%], memory.used [MiB], memory.free [MiB], memory.total [MiB]
2023/06/22 18:57:03.453, 0, NVIDIA GeForce RTX 2070, 00000000:01:00.0, 27 %, 13 %, 826 MiB, 7156 MiB, 8192 MiB
timestamp, index, name, pci.bus_id, utilization.gpu [%], utilization.memory [%], memory.used [MiB], memory.free [MiB], memory.total [MiB]
2023/06/22 18:57:04.483, 0, NVIDIA GeForce RTX 2070, 00000000:01:00.0, 26 %, 14 %, 819 MiB, 7162 MiB, 8192 MiB
timestamp, index, name, pci.bus_id, utilization.gpu [%], utilization.memory [%], memory.used [MiB], memory.free [MiB], memory.total [MiB]
2023/06/22 18:57:05.514, 0, NVIDIA GeForce RTX 2070, 00000000:01:00.0, 34 %, 16 %, 856 MiB, 7126 MiB, 8192 MiB
timestamp, index, name, pci.bus_id, utilization.gpu [%], utilization.memory [%], memory.used [MiB], memory.free [MiB], memory.total [MiB]
2023/06/22 18:57:06.542, 0, NVIDIA GeForce RTX 2070, 00000000:01:00.0, 17 %, 3 %, 890 MiB, 7091 MiB, 8192 MiB
timestamp, index, name, pci.bus_id, utilization.gpu [%], utilization.memory [%], memory.used [MiB], memory.free [MiB], memory.total [MiB]
2023/06/22 18:57:07.563, 0, NVIDIA GeForce RTX 2070, 00000000:01:00.0, 26 %, 5 %, 850 MiB, 7132 MiB, 8192 MiB
timestamp, index, name, pci.bus_id, utilization.gpu [%], utilization.memory [%], memory.used [MiB], memory.free [MiB], memory.total [MiB]
2023/06/22 18:57:08.590, 0, NVIDIA GeForce RTX 2070, 00000000:01:00.0, 10 %, 2 %, 850 MiB, 7132 MiB, 8192 MiB
timestamp, index, name, pci.bus_id, utilization.gpu [%], utilization.memory [%], memory.used [MiB], memory.free [MiB], memory.total [MiB]
2023/06/22 18:57:09.619, 0, NVIDIA GeForce RTX 2070, 00000000:01:00.0, 19 %, 6 %, 852 MiB, 7130 MiB, 8192 MiB
timestamp, index, name, pci.bus_id, utilization.gpu [%], utilization.memory [%], memory.used [MiB], memory.free [MiB], memory.total [MiB]
2023/06/22 18:57:10.650, 0, NVIDIA GeForce RTX 2070, 00000000:01:00.0, 31 %, 15 %, 847 MiB, 7135 MiB, 8192 MiB
timestamp, index, name, pci.bus_id, utilization.gpu [%], utilization.memory [%], memory.used [MiB], memory.free [MiB], memory.total [MiB]
2023/06/22 18:57:11.680, 0, NVIDIA GeForce RTX 2070, 00000000:01:00.0, 41 %, 18 %, 821 MiB, 7160 MiB, 8192 MiB
timestamp, index, name, pci.bus_id, utilization.gpu [%], utilization.memory [%], memory.used [MiB], memory.free [MiB], memory.total [MiB]
2023/06/22 18:57:12.711, 0, NVIDIA GeForce RTX 2070, 00000000:01:00.0, 12 %, 3 %, 821 MiB, 7161 MiB, 8192 MiB
timestamp, index, name, pci.bus_id, utilization.gpu [%], utilization.memory [%], memory.used [MiB], memory.free [MiB], memory.total [MiB]
2023/06/22 18:57:13.741, 0, NVIDIA GeForce RTX 2070, 00000000:01:00.0, 17 %, 4 %, 819 MiB, 7163 MiB, 8192 MiB
timestamp, index, name, pci.bus_id, utilization.gpu [%], utilization.memory [%], memory.used [MiB], memory.free [MiB], memory.total [MiB]
2023/06/22 18:57:14.771, 0, NVIDIA GeForce RTX 2070, 00000000:01:00.0, 40 %, 19 %, 819 MiB, 7162 MiB, 8192 MiB
timestamp, index, name, pci.bus_id, utilization.gpu [%], utilization.memory [%], memory.used [MiB], memory.free [MiB], memory.total [MiB]
2023/06/22 18:57:15.802, 0, NVIDIA GeForce RTX 2070, 00000000:01:00.0, 11 %, 2 %, 827 MiB, 7155 MiB, 8192 MiB
timestamp, index, name, pci.bus_id, utilization.gpu [%], utilization.memory [%], memory.used [MiB], memory.free [MiB], memory.total [MiB]
2023/06/22 18:57:16.831, 0, NVIDIA GeForce RTX 2070, 00000000:01:00.0, 16 %, 7 %, 820 MiB, 7162 MiB, 8192 MiB
timestamp, index, name, pci.bus_id, utilization.gpu [%], utilization.memory [%], memory.used [MiB], memory.free [MiB], memory.total [MiB]
2023/06/22 18:57:17.861, 0, NVIDIA GeForce RTX 2070, 00000000:01:00.0, 30 %, 15 %, 820 MiB, 7162 MiB, 8192 MiB
timestamp, index, name, pci.bus_id, utilization.gpu [%], utilization.memory [%], memory.used [MiB], memory.free [MiB], memory.total [MiB]
2023/06/22 18:57:18.892, 0, NVIDIA GeForce RTX 2070, 00000000:01:00.0, 42 %, 22 %, 820 MiB, 7162 MiB, 8192 MiB
timestamp, index, name, pci.bus_id, utilization.gpu [%], utilization.memory [%], memory.used [MiB], memory.free [MiB], memory.total [MiB]
2023/06/22 18:57:19.922, 0, NVIDIA GeForce RTX 2070, 00000000:01:00.0, 32 %, 11 %, 826 MiB, 7155 MiB, 8192 MiB
timestamp, index, name, pci.bus_id, utilization.gpu [%], utilization.memory [%], memory.used [MiB], memory.free [MiB], memory.total [MiB]
2023/06/22 18:57:20.955, 0, NVIDIA GeForce RTX 2070, 00000000:01:00.0, 18 %, 4 %, 833 MiB, 7148 MiB, 8192 MiB
timestamp, index, name, pci.bus_id, utilization.gpu [%], utilization.memory [%], memory.used [MiB], memory.free [MiB], memory.total [MiB]
2023/06/22 18:57:21.986, 0, NVIDIA GeForce RTX 2070, 00000000:01:00.0, 23 %, 10 %, 836 MiB, 7145 MiB, 8192 MiB
timestamp, index, name, pci.bus_id, utilization.gpu [%], utilization.memory [%], memory.used [MiB], memory.free [MiB], memory.total [MiB]
2023/06/22 18:57:23.016, 0, NVIDIA GeForce RTX 2070, 00000000:01:00.0, 25 %, 13 %, 837 MiB, 7144 MiB, 8192 MiB
timestamp, index, name, pci.bus_id, utilization.gpu [%], utilization.memory [%], memory.used [MiB], memory.free [MiB], memory.total [MiB]
2023/06/22 18:57:24.046, 0, NVIDIA GeForce RTX 2070, 00000000:01:00.0, 32 %, 7 %, 837 MiB, 7144 MiB, 8192 MiB
timestamp, index, name, pci.bus_id, utilization.gpu [%], utilization.memory [%], memory.used [MiB], memory.free [MiB], memory.total [MiB]
2023/06/22 18:57:25.076, 0, NVIDIA GeForce RTX 2070, 00000000:01:00.0, 17 %, 4 %, 840 MiB, 7141 MiB, 8192 MiB
timestamp, index, name, pci.bus_id, utilization.gpu [%], utilization.memory [%], memory.used [MiB], memory.free [MiB], memory.total [MiB]
2023/06/22 18:57:26.108, 0, NVIDIA GeForce RTX 2070, 00000000:01:00.0, 33 %, 10 %, 831 MiB, 7151 MiB, 8192 MiB
timestamp, index, name, pci.bus_id, utilization.gpu [%], utilization.memory [%], memory.used [MiB], memory.free [MiB], memory.total [MiB]
2023/06/22 18:57:27.138, 0, NVIDIA GeForce RTX 2070, 00000000:01:00.0, 10 %, 2 %, 876 MiB, 7106 MiB, 8192 MiB
timestamp, index, name, pci.bus_id, utilization.gpu [%], utilization.memory [%], memory.used [MiB], memory.free [MiB], memory.total [MiB]
2023/06/22 18:57:28.154, 0, NVIDIA GeForce RTX 2070, 00000000:01:00.0, 21 %, 7 %, 830 MiB, 7152 MiB, 8192 MiB
timestamp, index, name, pci.bus_id, utilization.gpu [%], utilization.memory [%], memory.used [MiB], memory.free [MiB], memory.total [MiB]
2023/06/22 18:57:29.180, 0, NVIDIA GeForce RTX 2070, 00000000:01:00.0, 35 %, 17 %, 825 MiB, 7156 MiB, 8192 MiB
timestamp, index, name, pci.bus_id, utilization.gpu [%], utilization.memory [%], memory.used [MiB], memory.free [MiB], memory.total [MiB]
2023/06/22 18:57:30.200, 0, NVIDIA GeForce RTX 2070, 00000000:01:00.0, 28 %, 8 %, 832 MiB, 7149 MiB, 8192 MiB
timestamp, index, name, pci.bus_id, utilization.gpu [%], utilization.memory [%], memory.used [MiB], memory.free [MiB], memory.total [MiB]
2023/06/22 18:57:31.226, 0, NVIDIA GeForce RTX 2070, 00000000:01:00.0, 13 %, 3 %, 812 MiB, 7169 MiB, 8192 MiB
timestamp, index, name, pci.bus_id, utilization.gpu [%], utilization.memory [%], memory.used [MiB], memory.free [MiB], memory.total [MiB]
2023/06/22 18:57:32.257, 0, NVIDIA GeForce RTX 2070, 00000000:01:00.0, 31 %, 8 %, 813 MiB, 7168 MiB, 8192 MiB
timestamp, index, name, pci.bus_id, utilization.gpu [%], utilization.memory [%], memory.used [MiB], memory.free [MiB], memory.total [MiB]
2023/06/22 18:57:33.288, 0, NVIDIA GeForce RTX 2070, 00000000:01:00.0, 17 %, 4 %, 805 MiB, 7176 MiB, 8192 MiB
timestamp, index, name, pci.bus_id, utilization.gpu [%], utilization.memory [%], memory.used [MiB], memory.free [MiB], memory.total [MiB]
2023/06/22 18:57:34.319, 0, NVIDIA GeForce RTX 2070, 00000000:01:00.0, 21 %, 8 %, 805 MiB, 7177 MiB, 8192 MiB
timestamp, index, name, pci.bus_id, utilization.gpu [%], utilization.memory [%], memory.used [MiB], memory.free [MiB], memory.total [MiB]
2023/06/22 18:57:35.349, 0, NVIDIA GeForce RTX 2070, 00000000:01:00.0, 24 %, 11 %, 770 MiB, 7211 MiB, 8192 MiB
timestamp, index, name, pci.bus_id, utilization.gpu [%], utilization.memory [%], memory.used [MiB], memory.free [MiB], memory.total [MiB]
2023/06/22 18:57:36.379, 0, NVIDIA GeForce RTX 2070, 00000000:01:00.0, 41 %, 22 %, 770 MiB, 7212 MiB, 8192 MiB
timestamp, index, name, pci.bus_id, utilization.gpu [%], utilization.memory [%], memory.used [MiB], memory.free [MiB], memory.total [MiB]
2023/06/22 18:57:37.409, 0, NVIDIA GeForce RTX 2070, 00000000:01:00.0, 36 %, 18 %, 765 MiB, 7217 MiB, 8192 MiB
timestamp, index, name, pci.bus_id, utilization.gpu [%], utilization.memory [%], memory.used [MiB], memory.free [MiB], memory.total [MiB]
2023/06/22 18:57:38.438, 0, NVIDIA GeForce RTX 2070, 00000000:01:00.0, 19 %, 10 %, 754 MiB, 7227 MiB, 8192 MiB
timestamp, index, name, pci.bus_id, utilization.gpu [%], utilization.memory [%], memory.used [MiB], memory.free [MiB], memory.total [MiB]
2023/06/22 18:57:39.469, 0, NVIDIA GeForce RTX 2070, 00000000:01:00.0, 34 %, 17 %, 752 MiB, 7229 MiB, 8192 MiB
timestamp, index, name, pci.bus_id, utilization.gpu [%], utilization.memory [%], memory.used [MiB], memory.free [MiB], memory.total [MiB]
2023/06/22 18:57:40.499, 0, NVIDIA GeForce RTX 2070, 00000000:01:00.0, 32 %, 16 %, 752 MiB, 7229 MiB, 8192 MiB
timestamp, index, name, pci.bus_id, utilization.gpu [%], utilization.memory [%], memory.used [MiB], memory.free [MiB], memory.total [MiB]
2023/06/22 18:57:41.531, 0, NVIDIA GeForce RTX 2070, 00000000:01:00.0, 21 %, 11 %, 752 MiB, 7229 MiB, 8192 MiB
timestamp, index, name, pci.bus_id, utilization.gpu [%], utilization.memory [%], memory.used [MiB], memory.free [MiB], memory.total [MiB]
2023/06/22 18:57:42.558, 0, NVIDIA GeForce RTX 2070, 00000000:01:00.0, 31 %, 16 %, 752 MiB, 7230 MiB, 8192 MiB
timestamp, index, name, pci.bus_id, utilization.gpu [%], utilization.memory [%], memory.used [MiB], memory.free [MiB], memory.total [MiB]
2023/06/22 18:57:43.588, 0, NVIDIA GeForce RTX 2070, 00000000:01:00.0, 41 %, 22 %, 557 MiB, 7425 MiB, 8192 MiB
timestamp, index, name, pci.bus_id, utilization.gpu [%], utilization.memory [%], memory.used [MiB], memory.free [MiB], memory.total [MiB]
2023/06/22 18:57:44.621, 0, NVIDIA GeForce RTX 2070, 00000000:01:00.0, 23 %, 10 %, 563 MiB, 7419 MiB, 8192 MiB
timestamp, index, name, pci.bus_id, utilization.gpu [%], utilization.memory [%], memory.used [MiB], memory.free [MiB], memory.total [MiB]
2023/06/22 18:57:45.638, 0, NVIDIA GeForce RTX 2070, 00000000:01:00.0, 27 %, 13 %, 563 MiB, 7419 MiB, 8192 MiB
timestamp, index, name, pci.bus_id, utilization.gpu [%], utilization.memory [%], memory.used [MiB], memory.free [MiB], memory.total [MiB]
2023/06/22 18:57:46.664, 0, NVIDIA GeForce RTX 2070, 00000000:01:00.0, 12 %, 2 %, 619 MiB, 7363 MiB, 8192 MiB
timestamp, index, name, pci.bus_id, utilization.gpu [%], utilization.memory [%], memory.used [MiB], memory.free [MiB], memory.total [MiB]
2023/06/22 18:57:47.694, 0, NVIDIA GeForce RTX 2070, 00000000:01:00.0, 22 %, 4 %, 580 MiB, 7402 MiB, 8192 MiB
timestamp, index, name, pci.bus_id, utilization.gpu [%], utilization.memory [%], memory.used [MiB], memory.free [MiB], memory.total [MiB]
2023/06/22 18:57:48.724, 0, NVIDIA GeForce RTX 2070, 00000000:01:00.0, 8 %, 2 %, 580 MiB, 7402 MiB, 8192 MiB
timestamp, index, name, pci.bus_id, utilization.gpu [%], utilization.memory [%], memory.used [MiB], memory.free [MiB], memory.total [MiB]
2023/06/22 18:57:49.754, 0, NVIDIA GeForce RTX 2070, 00000000:01:00.0, 34 %, 8 %, 612 MiB, 7370 MiB, 8192 MiB
timestamp, index, name, pci.bus_id, utilization.gpu [%], utilization.memory [%], memory.used [MiB], memory.free [MiB], memory.total [MiB]
2023/06/22 18:57:50.784, 0, NVIDIA GeForce RTX 2070, 00000000:01:00.0, 11 %, 3 %, 634 MiB, 7348 MiB, 8192 MiB
timestamp, index, name, pci.bus_id, utilization.gpu [%], utilization.memory [%], memory.used [MiB], memory.free [MiB], memory.total [MiB]
2023/06/22 18:57:51.801, 0, NVIDIA GeForce RTX 2070, 00000000:01:00.0, 29 %, 9 %, 641 MiB, 7341 MiB, 8192 MiB
timestamp, index, name, pci.bus_id, utilization.gpu [%], utilization.memory [%], memory.used [MiB], memory.free [MiB], memory.total [MiB]
2023/06/22 18:57:52.448, 0, NVIDIA GeForce RTX 2070, 00000000:01:00.0, 29 %, 9 %, 659 MiB, 7323 MiB, 8192 MiB
timestamp, index, name, pci.bus_id, utilization.gpu [%], utilization.memory [%], memory.used [MiB], memory.free [MiB], memory.total [MiB]
2023/06/22 18:57:53.468, 0, NVIDIA GeForce RTX 2070, 00000000:01:00.0, 24 %, 14 %, 650 MiB, 7331 MiB, 8192 MiB
timestamp, index, name, pci.bus_id, utilization.gpu [%], utilization.memory [%], memory.used [MiB], memory.free [MiB], memory.total [MiB]
2023/06/22 18:57:54.493, 0, NVIDIA GeForce RTX 2070, 00000000:01:00.0, 33 %, 18 %, 650 MiB, 7331 MiB, 8192 MiB
timestamp, index, name, pci.bus_id, utilization.gpu [%], utilization.memory [%], memory.used [MiB], memory.free [MiB], memory.total [MiB]
2023/06/22 18:57:55.523, 0, NVIDIA GeForce RTX 2070, 00000000:01:00.0, 8 %, 2 %, 650 MiB, 7331 MiB, 8192 MiB
timestamp, index, name, pci.bus_id, utilization.gpu [%], utilization.memory [%], memory.used [MiB], memory.free [MiB], memory.total [MiB]
2023/06/22 18:57:56.557, 0, NVIDIA GeForce RTX 2070, 00000000:01:00.0, 14 %, 5 %, 650 MiB, 7331 MiB, 8192 MiB
timestamp, index, name, pci.bus_id, utilization.gpu [%], utilization.memory [%], memory.used [MiB], memory.free [MiB], memory.total [MiB]
2023/06/22 18:57:57.579, 0, NVIDIA GeForce RTX 2070, 00000000:01:00.0, 21 %, 10 %, 646 MiB, 7335 MiB, 8192 MiB
timestamp, index, name, pci.bus_id, utilization.gpu [%], utilization.memory [%], memory.used [MiB], memory.free [MiB], memory.total [MiB]
2023/06/22 18:57:58.608, 0, NVIDIA GeForce RTX 2070, 00000000:01:00.0, 38 %, 20 %, 609 MiB, 7372 MiB, 8192 MiB
timestamp, index, name, pci.bus_id, utilization.gpu [%], utilization.memory [%], memory.used [MiB], memory.free [MiB], memory.total [MiB]
2023/06/22 18:57:59.637, 0, NVIDIA GeForce RTX 2070, 00000000:01:00.0, 9 %, 2 %, 609 MiB, 7372 MiB, 8192 MiB
timestamp, index, name, pci.bus_id, utilization.gpu [%], utilization.memory [%], memory.used [MiB], memory.free [MiB], memory.total [MiB]
2023/06/22 18:58:00.668, 0, NVIDIA GeForce RTX 2070, 00000000:01:00.0, 12 %, 4 %, 609 MiB, 7373 MiB, 8192 MiB
timestamp, index, name, pci.bus_id, utilization.gpu [%], utilization.memory [%], memory.used [MiB], memory.free [MiB], memory.total [MiB]
2023/06/22 18:58:01.699, 0, NVIDIA GeForce RTX 2070, 00000000:01:00.0, 26 %, 13 %, 609 MiB, 7373 MiB, 8192 MiB
timestamp, index, name, pci.bus_id, utilization.gpu [%], utilization.memory [%], memory.used [MiB], memory.free [MiB], memory.total [MiB]
2023/06/22 18:58:02.728, 0, NVIDIA GeForce RTX 2070, 00000000:01:00.0, 39 %, 21 %, 609 MiB, 7373 MiB, 8192 MiB
timestamp, index, name, pci.bus_id, utilization.gpu [%], utilization.memory [%], memory.used [MiB], memory.free [MiB], memory.total [MiB]
2023/06/22 18:58:03.760, 0, NVIDIA GeForce RTX 2070, 00000000:01:00.0, 37 %, 20 %, 605 MiB, 7377 MiB, 8192 MiB
timestamp, index, name, pci.bus_id, utilization.gpu [%], utilization.memory [%], memory.used [MiB], memory.free [MiB], memory.total [MiB]
2023/06/22 18:58:04.791, 0, NVIDIA GeForce RTX 2070, 00000000:01:00.0, 24 %, 12 %, 605 MiB, 7377 MiB, 8192 MiB
timestamp, index, name, pci.bus_id, utilization.gpu [%], utilization.memory [%], memory.used [MiB], memory.free [MiB], memory.total [MiB]
2023/06/22 18:58:05.809, 0, NVIDIA GeForce RTX 2070, 00000000:01:00.0, 19 %, 10 %, 605 MiB, 7377 MiB, 8192 MiB
timestamp, index, name, pci.bus_id, utilization.gpu [%], utilization.memory [%], memory.used [MiB], memory.free [MiB], memory.total [MiB]
2023/06/22 18:58:06.839, 0, NVIDIA GeForce RTX 2070, 00000000:01:00.0, 41 %, 23 %, 605 MiB, 7376 MiB, 8192 MiB
timestamp, index, name, pci.bus_id, utilization.gpu [%], utilization.memory [%], memory.used [MiB], memory.free [MiB], memory.total [MiB]
2023/06/22 18:58:07.869, 0, NVIDIA GeForce RTX 2070, 00000000:01:00.0, 28 %, 15 %, 605 MiB, 7376 MiB, 8192 MiB
timestamp, index, name, pci.bus_id, utilization.gpu [%], utilization.memory [%], memory.used [MiB], memory.free [MiB], memory.total [MiB]
2023/06/22 18:58:08.899, 0, NVIDIA GeForce RTX 2070, 00000000:01:00.0, 19 %, 10 %, 601 MiB, 7380 MiB, 8192 MiB
timestamp, index, name, pci.bus_id, utilization.gpu [%], utilization.memory [%], memory.used [MiB], memory.free [MiB], memory.total [MiB]
2023/06/22 18:58:09.928, 0, NVIDIA GeForce RTX 2070, 00000000:01:00.0, 31 %, 16 %, 613 MiB, 7368 MiB, 8192 MiB
timestamp, index, name, pci.bus_id, utilization.gpu [%], utilization.memory [%], memory.used [MiB], memory.free [MiB], memory.total [MiB]
2023/06/22 18:58:10.961, 0, NVIDIA GeForce RTX 2070, 00000000:01:00.0, 19 %, 10 %, 613 MiB, 7368 MiB, 8192 MiB
timestamp, index, name, pci.bus_id, utilization.gpu [%], utilization.memory [%], memory.used [MiB], memory.free [MiB], memory.total [MiB]
2023/06/22 18:58:11.990, 0, NVIDIA GeForce RTX 2070, 00000000:01:00.0, 37 %, 19 %, 613 MiB, 7369 MiB, 8192 MiB
timestamp, index, name, pci.bus_id, utilization.gpu [%], utilization.memory [%], memory.used [MiB], memory.free [MiB], memory.total [MiB]
2023/06/22 18:58:13.020, 0, NVIDIA GeForce RTX 2070, 00000000:01:00.0, 40 %, 21 %, 613 MiB, 7369 MiB, 8192 MiB
timestamp, index, name, pci.bus_id, utilization.gpu [%], utilization.memory [%], memory.used [MiB], memory.free [MiB], memory.total [MiB]
2023/06/22 18:58:14.051, 0, NVIDIA GeForce RTX 2070, 00000000:01:00.0, 20 %, 10 %, 611 MiB, 7371 MiB, 8192 MiB
timestamp, index, name, pci.bus_id, utilization.gpu [%], utilization.memory [%], memory.used [MiB], memory.free [MiB], memory.total [MiB]
2023/06/22 18:58:15.073, 0, NVIDIA GeForce RTX 2070, 00000000:01:00.0, 27 %, 14 %, 632 MiB, 7349 MiB, 8192 MiB
timestamp, index, name, pci.bus_id, utilization.gpu [%], utilization.memory [%], memory.used [MiB], memory.free [MiB], memory.total [MiB]
2023/06/22 18:58:16.110, 0, NVIDIA GeForce RTX 2070, 00000000:01:00.0, 29 %, 15 %, 632 MiB, 7349 MiB, 8192 MiB
timestamp, index, name, pci.bus_id, utilization.gpu [%], utilization.memory [%], memory.used [MiB], memory.free [MiB], memory.total [MiB]
2023/06/22 18:58:17.137, 0, NVIDIA GeForce RTX 2070, 00000000:01:00.0, 24 %, 13 %, 634 MiB, 7347 MiB, 8192 MiB
timestamp, index, name, pci.bus_id, utilization.gpu [%], utilization.memory [%], memory.used [MiB], memory.free [MiB], memory.total [MiB]
2023/06/22 18:58:18.168, 0, NVIDIA GeForce RTX 2070, 00000000:01:00.0, 36 %, 19 %, 632 MiB, 7349 MiB, 8192 MiB
timestamp, index, name, pci.bus_id, utilization.gpu [%], utilization.memory [%], memory.used [MiB], memory.free [MiB], memory.total [MiB]
2023/06/22 18:58:19.198, 0, NVIDIA GeForce RTX 2070, 00000000:01:00.0, 25 %, 14 %, 634 MiB, 7347 MiB, 8192 MiB
timestamp, index, name, pci.bus_id, utilization.gpu [%], utilization.memory [%], memory.used [MiB], memory.free [MiB], memory.total [MiB]
2023/06/22 18:58:20.229, 0, NVIDIA GeForce RTX 2070, 00000000:01:00.0, 20 %, 11 %, 625 MiB, 7357 MiB, 8192 MiB
timestamp, index, name, pci.bus_id, utilization.gpu [%], utilization.memory [%], memory.used [MiB], memory.free [MiB], memory.total [MiB]
2023/06/22 18:58:21.247, 0, NVIDIA GeForce RTX 2070, 00000000:01:00.0, 32 %, 17 %, 625 MiB, 7357 MiB, 8192 MiB
timestamp, index, name, pci.bus_id, utilization.gpu [%], utilization.memory [%], memory.used [MiB], memory.free [MiB], memory.total [MiB]
2023/06/22 18:58:22.274, 0, NVIDIA GeForce RTX 2070, 00000000:01:00.0, 40 %, 21 %, 625 MiB, 7357 MiB, 8192 MiB
timestamp, index, name, pci.bus_id, utilization.gpu [%], utilization.memory [%], memory.used [MiB], memory.free [MiB], memory.total [MiB]
2023/06/22 18:58:23.304, 0, NVIDIA GeForce RTX 2070, 00000000:01:00.0, 24 %, 12 %, 625 MiB, 7357 MiB, 8192 MiB
timestamp, index, name, pci.bus_id, utilization.gpu [%], utilization.memory [%], memory.used [MiB], memory.free [MiB], memory.total [MiB]
2023/06/22 18:58:24.333, 0, NVIDIA GeForce RTX 2070, 00000000:01:00.0, 20 %, 10 %, 609 MiB, 7373 MiB, 8192 MiB
timestamp, index, name, pci.bus_id, utilization.gpu [%], utilization.memory [%], memory.used [MiB], memory.free [MiB], memory.total [MiB]
2023/06/22 18:58:25.363, 0, NVIDIA GeForce RTX 2070, 00000000:01:00.0, 37 %, 20 %, 606 MiB, 7375 MiB, 8192 MiB
timestamp, index, name, pci.bus_id, utilization.gpu [%], utilization.memory [%], memory.used [MiB], memory.free [MiB], memory.total [MiB]
2023/06/22 18:58:26.395, 0, NVIDIA GeForce RTX 2070, 00000000:01:00.0, 40 %, 21 %, 606 MiB, 7375 MiB, 8192 MiB
timestamp, index, name, pci.bus_id, utilization.gpu [%], utilization.memory [%], memory.used [MiB], memory.free [MiB], memory.total [MiB]
2023/06/22 18:58:27.426, 0, NVIDIA GeForce RTX 2070, 00000000:01:00.0, 24 %, 12 %, 606 MiB, 7375 MiB, 8192 MiB
timestamp, index, name, pci.bus_id, utilization.gpu [%], utilization.memory [%], memory.used [MiB], memory.free [MiB], memory.total [MiB]
2023/06/22 18:58:28.458, 0, NVIDIA GeForce RTX 2070, 00000000:01:00.0, 21 %, 11 %, 604 MiB, 7377 MiB, 8192 MiB
timestamp, index, name, pci.bus_id, utilization.gpu [%], utilization.memory [%], memory.used [MiB], memory.free [MiB], memory.total [MiB]
2023/06/22 18:58:29.489, 0, NVIDIA GeForce RTX 2070, 00000000:01:00.0, 39 %, 21 %, 604 MiB, 7377 MiB, 8192 MiB
timestamp, index, name, pci.bus_id, utilization.gpu [%], utilization.memory [%], memory.used [MiB], memory.free [MiB], memory.total [MiB]
2023/06/22 18:58:30.520, 0, NVIDIA GeForce RTX 2070, 00000000:01:00.0, 33 %, 17 %, 632 MiB, 7350 MiB, 8192 MiB
timestamp, index, name, pci.bus_id, utilization.gpu [%], utilization.memory [%], memory.used [MiB], memory.free [MiB], memory.total [MiB]
2023/06/22 18:58:31.551, 0, NVIDIA GeForce RTX 2070, 00000000:01:00.0, 24 %, 13 %, 632 MiB, 7349 MiB, 8192 MiB
timestamp, index, name, pci.bus_id, utilization.gpu [%], utilization.memory [%], memory.used [MiB], memory.free [MiB], memory.total [MiB]
2023/06/22 18:58:32.582, 0, NVIDIA GeForce RTX 2070, 00000000:01:00.0, 31 %, 17 %, 632 MiB, 7349 MiB, 8192 MiB
timestamp, index, name, pci.bus_id, utilization.gpu [%], utilization.memory [%], memory.used [MiB], memory.free [MiB], memory.total [MiB]
2023/06/22 18:58:33.612, 0, NVIDIA GeForce RTX 2070, 00000000:01:00.0, 24 %, 12 %, 623 MiB, 7359 MiB, 8192 MiB
timestamp, index, name, pci.bus_id, utilization.gpu [%], utilization.memory [%], memory.used [MiB], memory.free [MiB], memory.total [MiB]
2023/06/22 18:58:34.643, 0, NVIDIA GeForce RTX 2070, 00000000:01:00.0, 20 %, 11 %, 632 MiB, 7349 MiB, 8192 MiB
timestamp, index, name, pci.bus_id, utilization.gpu [%], utilization.memory [%], memory.used [MiB], memory.free [MiB], memory.total [MiB]
2023/06/22 18:58:35.674, 0, NVIDIA GeForce RTX 2070, 00000000:01:00.0, 32 %, 16 %, 632 MiB, 7350 MiB, 8192 MiB
timestamp, index, name, pci.bus_id, utilization.gpu [%], utilization.memory [%], memory.used [MiB], memory.free [MiB], memory.total [MiB]
2023/06/22 18:58:36.704, 0, NVIDIA GeForce RTX 2070, 00000000:01:00.0, 21 %, 12 %, 632 MiB, 7349 MiB, 8192 MiB
timestamp, index, name, pci.bus_id, utilization.gpu [%], utilization.memory [%], memory.used [MiB], memory.free [MiB], memory.total [MiB]
2023/06/22 18:58:37.733, 0, NVIDIA GeForce RTX 2070, 00000000:01:00.0, 20 %, 8 %, 632 MiB, 7349 MiB, 8192 MiB
timestamp, index, name, pci.bus_id, utilization.gpu [%], utilization.memory [%], memory.used [MiB], memory.free [MiB], memory.total [MiB]
2023/06/22 18:58:38.763, 0, NVIDIA GeForce RTX 2070, 00000000:01:00.0, 8 %, 2 %, 623 MiB, 7359 MiB, 8192 MiB
timestamp, index, name, pci.bus_id, utilization.gpu [%], utilization.memory [%], memory.used [MiB], memory.free [MiB], memory.total [MiB]
2023/06/22 18:58:39.794, 0, NVIDIA GeForce RTX 2070, 00000000:01:00.0, 32 %, 16 %, 621 MiB, 7361 MiB, 8192 MiB
timestamp, index, name, pci.bus_id, utilization.gpu [%], utilization.memory [%], memory.used [MiB], memory.free [MiB], memory.total [MiB]
2023/06/22 18:58:40.824, 0, NVIDIA GeForce RTX 2070, 00000000:01:00.0, 41 %, 22 %, 621 MiB, 7361 MiB, 8192 MiB
timestamp, index, name, pci.bus_id, utilization.gpu [%], utilization.memory [%], memory.used [MiB], memory.free [MiB], memory.total [MiB]
2023/06/22 18:58:41.854, 0, NVIDIA GeForce RTX 2070, 00000000:01:00.0, 38 %, 21 %, 604 MiB, 7377 MiB, 8192 MiB
timestamp, index, name, pci.bus_id, utilization.gpu [%], utilization.memory [%], memory.used [MiB], memory.free [MiB], memory.total [MiB]
2023/06/22 18:58:42.884, 0, NVIDIA GeForce RTX 2070, 00000000:01:00.0, 20 %, 11 %, 604 MiB, 7377 MiB, 8192 MiB
timestamp, index, name, pci.bus_id, utilization.gpu [%], utilization.memory [%], memory.used [MiB], memory.free [MiB], memory.total [MiB]
2023/06/22 18:58:43.916, 0, NVIDIA GeForce RTX 2070, 00000000:01:00.0, 24 %, 13 %, 604 MiB, 7377 MiB, 8192 MiB
timestamp, index, name, pci.bus_id, utilization.gpu [%], utilization.memory [%], memory.used [MiB], memory.free [MiB], memory.total [MiB]
2023/06/22 18:58:44.947, 0, NVIDIA GeForce RTX 2070, 00000000:01:00.0, 40 %, 21 %, 604 MiB, 7377 MiB, 8192 MiB
timestamp, index, name, pci.bus_id, utilization.gpu [%], utilization.memory [%], memory.used [MiB], memory.free [MiB], memory.total [MiB]
2023/06/22 18:58:45.976, 0, NVIDIA GeForce RTX 2070, 00000000:01:00.0, 34 %, 18 %, 604 MiB, 7377 MiB, 8192 MiB
timestamp, index, name, pci.bus_id, utilization.gpu [%], utilization.memory [%], memory.used [MiB], memory.free [MiB], memory.total [MiB]
2023/06/22 18:58:47.006, 0, NVIDIA GeForce RTX 2070, 00000000:01:00.0, 21 %, 11 %, 604 MiB, 7377 MiB, 8192 MiB
timestamp, index, name, pci.bus_id, utilization.gpu [%], utilization.memory [%], memory.used [MiB], memory.free [MiB], memory.total [MiB]
2023/06/22 18:58:48.037, 0, NVIDIA GeForce RTX 2070, 00000000:01:00.0, 28 %, 14 %, 604 MiB, 7377 MiB, 8192 MiB
timestamp, index, name, pci.bus_id, utilization.gpu [%], utilization.memory [%], memory.used [MiB], memory.free [MiB], memory.total [MiB]
2023/06/22 18:58:49.068, 0, NVIDIA GeForce RTX 2070, 00000000:01:00.0, 36 %, 19 %, 604 MiB, 7377 MiB, 8192 MiB
timestamp, index, name, pci.bus_id, utilization.gpu [%], utilization.memory [%], memory.used [MiB], memory.free [MiB], memory.total [MiB]
2023/06/22 18:58:50.088, 0, NVIDIA GeForce RTX 2070, 00000000:01:00.0, 20 %, 10 %, 604 MiB, 7377 MiB, 8192 MiB
timestamp, index, name, pci.bus_id, utilization.gpu [%], utilization.memory [%], memory.used [MiB], memory.free [MiB], memory.total [MiB]
2023/06/22 18:58:51.109, 0, NVIDIA GeForce RTX 2070, 00000000:01:00.0, 30 %, 15 %, 604 MiB, 7377 MiB, 8192 MiB
timestamp, index, name, pci.bus_id, utilization.gpu [%], utilization.memory [%], memory.used [MiB], memory.free [MiB], memory.total [MiB]
2023/06/22 18:58:52.135, 0, NVIDIA GeForce RTX 2070, 00000000:01:00.0, 40 %, 21 %, 604 MiB, 7377 MiB, 8192 MiB
timestamp, index, name, pci.bus_id, utilization.gpu [%], utilization.memory [%], memory.used [MiB], memory.free [MiB], memory.total [MiB]
2023/06/22 18:58:53.166, 0, NVIDIA GeForce RTX 2070, 00000000:01:00.0, 23 %, 12 %, 604 MiB, 7377 MiB, 8192 MiB
timestamp, index, name, pci.bus_id, utilization.gpu [%], utilization.memory [%], memory.used [MiB], memory.free [MiB], memory.total [MiB]
2023/06/22 18:58:54.201, 0, NVIDIA GeForce RTX 2070, 00000000:01:00.0, 40 %, 21 %, 604 MiB, 7377 MiB, 8192 MiB
timestamp, index, name, pci.bus_id, utilization.gpu [%], utilization.memory [%], memory.used [MiB], memory.free [MiB], memory.total [MiB]
2023/06/22 18:58:55.232, 0, NVIDIA GeForce RTX 2070, 00000000:01:00.0, 20 %, 11 %, 604 MiB, 7377 MiB, 8192 MiB
timestamp, index, name, pci.bus_id, utilization.gpu [%], utilization.memory [%], memory.used [MiB], memory.free [MiB], memory.total [MiB]
2023/06/22 18:58:56.254, 0, NVIDIA GeForce RTX 2070, 00000000:01:00.0, 25 %, 12 %, 604 MiB, 7377 MiB, 8192 MiB
timestamp, index, name, pci.bus_id, utilization.gpu [%], utilization.memory [%], memory.used [MiB], memory.free [MiB], memory.total [MiB]
2023/06/22 18:58:57.285, 0, NVIDIA GeForce RTX 2070, 00000000:01:00.0, 39 %, 21 %, 604 MiB, 7377 MiB, 8192 MiB
timestamp, index, name, pci.bus_id, utilization.gpu [%], utilization.memory [%], memory.used [MiB], memory.free [MiB], memory.total [MiB]
2023/06/22 18:58:58.317, 0, NVIDIA GeForce RTX 2070, 00000000:01:00.0, 32 %, 16 %, 604 MiB, 7377 MiB, 8192 MiB
timestamp, index, name, pci.bus_id, utilization.gpu [%], utilization.memory [%], memory.used [MiB], memory.free [MiB], memory.total [MiB]
2023/06/22 18:58:59.347, 0, NVIDIA GeForce RTX 2070, 00000000:01:00.0, 19 %, 10 %, 604 MiB, 7377 MiB, 8192 MiB
timestamp, index, name, pci.bus_id, utilization.gpu [%], utilization.memory [%], memory.used [MiB], memory.free [MiB], memory.total [MiB]
2023/06/22 18:59:00.363, 0, NVIDIA GeForce RTX 2070, 00000000:01:00.0, 33 %, 17 %, 612 MiB, 7369 MiB, 8192 MiB
timestamp, index, name, pci.bus_id, utilization.gpu [%], utilization.memory [%], memory.used [MiB], memory.free [MiB], memory.total [MiB]
2023/06/22 18:59:01.389, 0, NVIDIA GeForce RTX 2070, 00000000:01:00.0, 18 %, 7 %, 612 MiB, 7369 MiB, 8192 MiB
timestamp, index, name, pci.bus_id, utilization.gpu [%], utilization.memory [%], memory.used [MiB], memory.free [MiB], memory.total [MiB]
2023/06/22 18:59:02.419, 0, NVIDIA GeForce RTX 2070, 00000000:01:00.0, 8 %, 2 %, 612 MiB, 7369 MiB, 8192 MiB
timestamp, index, name, pci.bus_id, utilization.gpu [%], utilization.memory [%], memory.used [MiB], memory.free [MiB], memory.total [MiB]
2023/06/22 18:59:03.450, 0, NVIDIA GeForce RTX 2070, 00000000:01:00.0, 30 %, 15 %, 603 MiB, 7379 MiB, 8192 MiB
timestamp, index, name, pci.bus_id, utilization.gpu [%], utilization.memory [%], memory.used [MiB], memory.free [MiB], memory.total [MiB]
2023/06/22 18:59:04.481, 0, NVIDIA GeForce RTX 2070, 00000000:01:00.0, 41 %, 22 %, 603 MiB, 7379 MiB, 8192 MiB
timestamp, index, name, pci.bus_id, utilization.gpu [%], utilization.memory [%], memory.used [MiB], memory.free [MiB], memory.total [MiB]
2023/06/22 18:59:05.510, 0, NVIDIA GeForce RTX 2070, 00000000:01:00.0, 39 %, 21 %, 571 MiB, 7411 MiB, 8192 MiB
timestamp, index, name, pci.bus_id, utilization.gpu [%], utilization.memory [%], memory.used [MiB], memory.free [MiB], memory.total [MiB]
2023/06/22 18:59:06.541, 0, NVIDIA GeForce RTX 2070, 00000000:01:00.0, 33 %, 18 %, 571 MiB, 7411 MiB, 8192 MiB
timestamp, index, name, pci.bus_id, utilization.gpu [%], utilization.memory [%], memory.used [MiB], memory.free [MiB], memory.total [MiB]
2023/06/22 18:59:07.571, 0, NVIDIA GeForce RTX 2070, 00000000:01:00.0, 20 %, 10 %, 571 MiB, 7411 MiB, 8192 MiB
timestamp, index, name, pci.bus_id, utilization.gpu [%], utilization.memory [%], memory.used [MiB], memory.free [MiB], memory.total [MiB]
2023/06/22 18:59:08.603, 0, NVIDIA GeForce RTX 2070, 00000000:01:00.0, 32 %, 17 %, 571 MiB, 7411 MiB, 8192 MiB
timestamp, index, name, pci.bus_id, utilization.gpu [%], utilization.memory [%], memory.used [MiB], memory.free [MiB], memory.total [MiB]
2023/06/22 18:59:09.632, 0, NVIDIA GeForce RTX 2070, 00000000:01:00.0, 39 %, 21 %, 571 MiB, 7411 MiB, 8192 MiB
timestamp, index, name, pci.bus_id, utilization.gpu [%], utilization.memory [%], memory.used [MiB], memory.free [MiB], memory.total [MiB]
2023/06/22 18:59:10.662, 0, NVIDIA GeForce RTX 2070, 00000000:01:00.0, 30 %, 16 %, 571 MiB, 7411 MiB, 8192 MiB
timestamp, index, name, pci.bus_id, utilization.gpu [%], utilization.memory [%], memory.used [MiB], memory.free [MiB], memory.total [MiB]
2023/06/22 18:59:11.693, 0, NVIDIA GeForce RTX 2070, 00000000:01:00.0, 19 %, 10 %, 571 MiB, 7411 MiB, 8192 MiB
timestamp, index, name, pci.bus_id, utilization.gpu [%], utilization.memory [%], memory.used [MiB], memory.free [MiB], memory.total [MiB]
2023/06/22 18:59:12.725, 0, NVIDIA GeForce RTX 2070, 00000000:01:00.0, 34 %, 16 %, 571 MiB, 7411 MiB, 8192 MiB
timestamp, index, name, pci.bus_id, utilization.gpu [%], utilization.memory [%], memory.used [MiB], memory.free [MiB], memory.total [MiB]
2023/06/22 18:59:13.756, 0, NVIDIA GeForce RTX 2070, 00000000:01:00.0, 20 %, 10 %, 571 MiB, 7411 MiB, 8192 MiB
timestamp, index, name, pci.bus_id, utilization.gpu [%], utilization.memory [%], memory.used [MiB], memory.free [MiB], memory.total [MiB]
2023/06/22 18:59:14.786, 0, NVIDIA GeForce RTX 2070, 00000000:01:00.0, 29 %, 14 %, 571 MiB, 7411 MiB, 8192 MiB
timestamp, index, name, pci.bus_id, utilization.gpu [%], utilization.memory [%], memory.used [MiB], memory.free [MiB], memory.total [MiB]
2023/06/22 18:59:15.816, 0, NVIDIA GeForce RTX 2070, 00000000:01:00.0, 41 %, 22 %, 572 MiB, 7409 MiB, 8192 MiB
timestamp, index, name, pci.bus_id, utilization.gpu [%], utilization.memory [%], memory.used [MiB], memory.free [MiB], memory.total [MiB]
2023/06/22 18:59:16.846, 0, NVIDIA GeForce RTX 2070, 00000000:01:00.0, 30 %, 14 %, 573 MiB, 7409 MiB, 8192 MiB
timestamp, index, name, pci.bus_id, utilization.gpu [%], utilization.memory [%], memory.used [MiB], memory.free [MiB], memory.total [MiB]
2023/06/22 18:59:17.877, 0, NVIDIA GeForce RTX 2070, 00000000:01:00.0, 16 %, 3 %, 569 MiB, 7413 MiB, 8192 MiB
timestamp, index, name, pci.bus_id, utilization.gpu [%], utilization.memory [%], memory.used [MiB], memory.free [MiB], memory.total [MiB]
2023/06/22 18:59:18.906, 0, NVIDIA GeForce RTX 2070, 00000000:01:00.0, 30 %, 12 %, 569 MiB, 7413 MiB, 8192 MiB
timestamp, index, name, pci.bus_id, utilization.gpu [%], utilization.memory [%], memory.used [MiB], memory.free [MiB], memory.total [MiB]
2023/06/22 18:59:19.936, 0, NVIDIA GeForce RTX 2070, 00000000:01:00.0, 20 %, 11 %, 569 MiB, 7413 MiB, 8192 MiB
timestamp, index, name, pci.bus_id, utilization.gpu [%], utilization.memory [%], memory.used [MiB], memory.free [MiB], memory.total [MiB]
2023/06/22 18:59:20.966, 0, NVIDIA GeForce RTX 2070, 00000000:01:00.0, 29 %, 15 %, 568 MiB, 7413 MiB, 8192 MiB
timestamp, index, name, pci.bus_id, utilization.gpu [%], utilization.memory [%], memory.used [MiB], memory.free [MiB], memory.total [MiB]
2023/06/22 18:59:21.999, 0, NVIDIA GeForce RTX 2070, 00000000:01:00.0, 38 %, 21 %, 568 MiB, 7413 MiB, 8192 MiB
timestamp, index, name, pci.bus_id, utilization.gpu [%], utilization.memory [%], memory.used [MiB], memory.free [MiB], memory.total [MiB]
2023/06/22 18:59:23.024, 0, NVIDIA GeForce RTX 2070, 00000000:01:00.0, 29 %, 11 %, 566 MiB, 7415 MiB, 8192 MiB
timestamp, index, name, pci.bus_id, utilization.gpu [%], utilization.memory [%], memory.used [MiB], memory.free [MiB], memory.total [MiB]
2023/06/22 18:59:24.049, 0, NVIDIA GeForce RTX 2070, 00000000:01:00.0, 7 %, 2 %, 566 MiB, 7415 MiB, 8192 MiB
timestamp, index, name, pci.bus_id, utilization.gpu [%], utilization.memory [%], memory.used [MiB], memory.free [MiB], memory.total [MiB]
2023/06/22 18:59:25.080, 0, NVIDIA GeForce RTX 2070, 00000000:01:00.0, 29 %, 11 %, 566 MiB, 7415 MiB, 8192 MiB
timestamp, index, name, pci.bus_id, utilization.gpu [%], utilization.memory [%], memory.used [MiB], memory.free [MiB], memory.total [MiB]
2023/06/22 18:59:26.112, 0, NVIDIA GeForce RTX 2070, 00000000:01:00.0, 40 %, 22 %, 566 MiB, 7415 MiB, 8192 MiB
timestamp, index, name, pci.bus_id, utilization.gpu [%], utilization.memory [%], memory.used [MiB], memory.free [MiB], memory.total [MiB]
2023/06/22 18:59:27.137, 0, NVIDIA GeForce RTX 2070, 00000000:01:00.0, 20 %, 11 %, 566 MiB, 7415 MiB, 8192 MiB
timestamp, index, name, pci.bus_id, utilization.gpu [%], utilization.memory [%], memory.used [MiB], memory.free [MiB], memory.total [MiB]
2023/06/22 18:59:28.165, 0, NVIDIA GeForce RTX 2070, 00000000:01:00.0, 23 %, 12 %, 566 MiB, 7415 MiB, 8192 MiB
timestamp, index, name, pci.bus_id, utilization.gpu [%], utilization.memory [%], memory.used [MiB], memory.free [MiB], memory.total [MiB]
2023/06/22 18:59:29.195, 0, NVIDIA GeForce RTX 2070, 00000000:01:00.0, 38 %, 21 %, 566 MiB, 7415 MiB, 8192 MiB
timestamp, index, name, pci.bus_id, utilization.gpu [%], utilization.memory [%], memory.used [MiB], memory.free [MiB], memory.total [MiB]
2023/06/22 18:59:30.225, 0, NVIDIA GeForce RTX 2070, 00000000:01:00.0, 20 %, 10 %, 566 MiB, 7415 MiB, 8192 MiB
timestamp, index, name, pci.bus_id, utilization.gpu [%], utilization.memory [%], memory.used [MiB], memory.free [MiB], memory.total [MiB]
2023/06/22 18:59:31.247, 0, NVIDIA GeForce RTX 2070, 00000000:01:00.0, 32 %, 17 %, 594 MiB, 7388 MiB, 8192 MiB
timestamp, index, name, pci.bus_id, utilization.gpu [%], utilization.memory [%], memory.used [MiB], memory.free [MiB], memory.total [MiB]
2023/06/22 18:59:32.274, 0, NVIDIA GeForce RTX 2070, 00000000:01:00.0, 18 %, 7 %, 594 MiB, 7388 MiB, 8192 MiB
timestamp, index, name, pci.bus_id, utilization.gpu [%], utilization.memory [%], memory.used [MiB], memory.free [MiB], memory.total [MiB]
2023/06/22 18:59:33.304, 0, NVIDIA GeForce RTX 2070, 00000000:01:00.0, 8 %, 2 %, 584 MiB, 7397 MiB, 8192 MiB
timestamp, index, name, pci.bus_id, utilization.gpu [%], utilization.memory [%], memory.used [MiB], memory.free [MiB], memory.total [MiB]
2023/06/22 18:59:34.335, 0, NVIDIA GeForce RTX 2070, 00000000:01:00.0, 30 %, 14 %, 584 MiB, 7397 MiB, 8192 MiB
timestamp, index, name, pci.bus_id, utilization.gpu [%], utilization.memory [%], memory.used [MiB], memory.free [MiB], memory.total [MiB]
2023/06/22 18:59:35.364, 0, NVIDIA GeForce RTX 2070, 00000000:01:00.0, 42 %, 23 %, 584 MiB, 7397 MiB, 8192 MiB
timestamp, index, name, pci.bus_id, utilization.gpu [%], utilization.memory [%], memory.used [MiB], memory.free [MiB], memory.total [MiB]
2023/06/22 18:59:36.380, 0, NVIDIA GeForce RTX 2070, 00000000:01:00.0, 39 %, 21 %, 568 MiB, 7413 MiB, 8192 MiB
timestamp, index, name, pci.bus_id, utilization.gpu [%], utilization.memory [%], memory.used [MiB], memory.free [MiB], memory.total [MiB]
2023/06/22 18:59:37.407, 0, NVIDIA GeForce RTX 2070, 00000000:01:00.0, 30 %, 15 %, 568 MiB, 7413 MiB, 8192 MiB
timestamp, index, name, pci.bus_id, utilization.gpu [%], utilization.memory [%], memory.used [MiB], memory.free [MiB], memory.total [MiB]
2023/06/22 18:59:38.437, 0, NVIDIA GeForce RTX 2070, 00000000:01:00.0, 19 %, 10 %, 568 MiB, 7413 MiB, 8192 MiB
timestamp, index, name, pci.bus_id, utilization.gpu [%], utilization.memory [%], memory.used [MiB], memory.free [MiB], memory.total [MiB]
2023/06/22 18:59:39.459, 0, NVIDIA GeForce RTX 2070, 00000000:01:00.0, 31 %, 14 %, 568 MiB, 7413 MiB, 8192 MiB
timestamp, index, name, pci.bus_id, utilization.gpu [%], utilization.memory [%], memory.used [MiB], memory.free [MiB], memory.total [MiB]
2023/06/22 18:59:40.485, 0, NVIDIA GeForce RTX 2070, 00000000:01:00.0, 19 %, 10 %, 568 MiB, 7413 MiB, 8192 MiB
timestamp, index, name, pci.bus_id, utilization.gpu [%], utilization.memory [%], memory.used [MiB], memory.free [MiB], memory.total [MiB]
2023/06/22 18:59:41.516, 0, NVIDIA GeForce RTX 2070, 00000000:01:00.0, 38 %, 21 %, 568 MiB, 7413 MiB, 8192 MiB
timestamp, index, name, pci.bus_id, utilization.gpu [%], utilization.memory [%], memory.used [MiB], memory.free [MiB], memory.total [MiB]
2023/06/22 18:59:42.550, 0, NVIDIA GeForce RTX 2070, 00000000:01:00.0, 29 %, 15 %, 568 MiB, 7413 MiB, 8192 MiB
timestamp, index, name, pci.bus_id, utilization.gpu [%], utilization.memory [%], memory.used [MiB], memory.free [MiB], memory.total [MiB]
2023/06/22 18:59:43.581, 0, NVIDIA GeForce RTX 2070, 00000000:01:00.0, 19 %, 10 %, 568 MiB, 7413 MiB, 8192 MiB
timestamp, index, name, pci.bus_id, utilization.gpu [%], utilization.memory [%], memory.used [MiB], memory.free [MiB], memory.total [MiB]
2023/06/22 18:59:44.610, 0, NVIDIA GeForce RTX 2070, 00000000:01:00.0, 38 %, 19 %, 568 MiB, 7413 MiB, 8192 MiB
timestamp, index, name, pci.bus_id, utilization.gpu [%], utilization.memory [%], memory.used [MiB], memory.free [MiB], memory.total [MiB]
2023/06/22 18:59:45.641, 0, NVIDIA GeForce RTX 2070, 00000000:01:00.0, 38 %, 21 %, 568 MiB, 7413 MiB, 8192 MiB
timestamp, index, name, pci.bus_id, utilization.gpu [%], utilization.memory [%], memory.used [MiB], memory.free [MiB], memory.total [MiB]
2023/06/22 18:59:46.673, 0, NVIDIA GeForce RTX 2070, 00000000:01:00.0, 23 %, 6 %, 568 MiB, 7413 MiB, 8192 MiB
timestamp, index, name, pci.bus_id, utilization.gpu [%], utilization.memory [%], memory.used [MiB], memory.free [MiB], memory.total [MiB]
2023/06/22 18:59:47.702, 0, NVIDIA GeForce RTX 2070, 00000000:01:00.0, 7 %, 2 %, 568 MiB, 7413 MiB, 8192 MiB
timestamp, index, name, pci.bus_id, utilization.gpu [%], utilization.memory [%], memory.used [MiB], memory.free [MiB], memory.total [MiB]
2023/06/22 18:59:48.733, 0, NVIDIA GeForce RTX 2070, 00000000:01:00.0, 35 %, 14 %, 568 MiB, 7413 MiB, 8192 MiB
timestamp, index, name, pci.bus_id, utilization.gpu [%], utilization.memory [%], memory.used [MiB], memory.free [MiB], memory.total [MiB]
2023/06/22 18:59:49.766, 0, NVIDIA GeForce RTX 2070, 00000000:01:00.0, 39 %, 21 %, 568 MiB, 7413 MiB, 8192 MiB
timestamp, index, name, pci.bus_id, utilization.gpu [%], utilization.memory [%], memory.used [MiB], memory.free [MiB], memory.total [MiB]
2023/06/22 18:59:50.799, 0, NVIDIA GeForce RTX 2070, 00000000:01:00.0, 29 %, 15 %, 568 MiB, 7413 MiB, 8192 MiB
timestamp, index, name, pci.bus_id, utilization.gpu [%], utilization.memory [%], memory.used [MiB], memory.free [MiB], memory.total [MiB]
2023/06/22 18:59:51.829, 0, NVIDIA GeForce RTX 2070, 00000000:01:00.0, 20 %, 11 %, 568 MiB, 7413 MiB, 8192 MiB
timestamp, index, name, pci.bus_id, utilization.gpu [%], utilization.memory [%], memory.used [MiB], memory.free [MiB], memory.total [MiB]
2023/06/22 18:59:52.862, 0, NVIDIA GeForce RTX 2070, 00000000:01:00.0, 37 %, 20 %, 568 MiB, 7413 MiB, 8192 MiB
timestamp, index, name, pci.bus_id, utilization.gpu [%], utilization.memory [%], memory.used [MiB], memory.free [MiB], memory.total [MiB]
2023/06/22 18:59:53.887, 0, NVIDIA GeForce RTX 2070, 00000000:01:00.0, 39 %, 21 %, 568 MiB, 7413 MiB, 8192 MiB
timestamp, index, name, pci.bus_id, utilization.gpu [%], utilization.memory [%], memory.used [MiB], memory.free [MiB], memory.total [MiB]
2023/06/22 18:59:54.917, 0, NVIDIA GeForce RTX 2070, 00000000:01:00.0, 16 %, 3 %, 568 MiB, 7413 MiB, 8192 MiB
timestamp, index, name, pci.bus_id, utilization.gpu [%], utilization.memory [%], memory.used [MiB], memory.free [MiB], memory.total [MiB]
2023/06/22 18:59:55.947, 0, NVIDIA GeForce RTX 2070, 00000000:01:00.0, 7 %, 2 %, 568 MiB, 7413 MiB, 8192 MiB
timestamp, index, name, pci.bus_id, utilization.gpu [%], utilization.memory [%], memory.used [MiB], memory.free [MiB], memory.total [MiB]
2023/06/22 18:59:56.978, 0, NVIDIA GeForce RTX 2070, 00000000:01:00.0, 30 %, 16 %, 568 MiB, 7413 MiB, 8192 MiB
timestamp, index, name, pci.bus_id, utilization.gpu [%], utilization.memory [%], memory.used [MiB], memory.free [MiB], memory.total [MiB]
2023/06/22 18:59:58.008, 0, NVIDIA GeForce RTX 2070, 00000000:01:00.0, 29 %, 15 %, 568 MiB, 7413 MiB, 8192 MiB
timestamp, index, name, pci.bus_id, utilization.gpu [%], utilization.memory [%], memory.used [MiB], memory.free [MiB], memory.total [MiB]
2023/06/22 18:59:59.029, 0, NVIDIA GeForce RTX 2070, 00000000:01:00.0, 26 %, 13 %, 568 MiB, 7413 MiB, 8192 MiB
timestamp, index, name, pci.bus_id, utilization.gpu [%], utilization.memory [%], memory.used [MiB], memory.free [MiB], memory.total [MiB]
2023/06/22 19:00:00.041, 0, NVIDIA GeForce RTX 2070, 00000000:01:00.0, 20 %, 10 %, 594 MiB, 7388 MiB, 8192 MiB
timestamp, index, name, pci.bus_id, utilization.gpu [%], utilization.memory [%], memory.used [MiB], memory.free [MiB], memory.total [MiB]
2023/06/22 19:00:01.053, 0, NVIDIA GeForce RTX 2070, 00000000:01:00.0, 34 %, 17 %, 594 MiB, 7388 MiB, 8192 MiB
timestamp, index, name, pci.bus_id, utilization.gpu [%], utilization.memory [%], memory.used [MiB], memory.free [MiB], memory.total [MiB]
2023/06/22 19:00:02.065, 0, NVIDIA GeForce RTX 2070, 00000000:01:00.0, 19 %, 10 %, 594 MiB, 7388 MiB, 8192 MiB
timestamp, index, name, pci.bus_id, utilization.gpu [%], utilization.memory [%], memory.used [MiB], memory.free [MiB], memory.total [MiB]
2023/06/22 19:00:03.080, 0, NVIDIA GeForce RTX 2070, 00000000:01:00.0, 35 %, 19 %, 594 MiB, 7388 MiB, 8192 MiB
timestamp, index, name, pci.bus_id, utilization.gpu [%], utilization.memory [%], memory.used [MiB], memory.free [MiB], memory.total [MiB]
2023/06/22 19:00:04.108, 0, NVIDIA GeForce RTX 2070, 00000000:01:00.0, 19 %, 10 %, 629 MiB, 7352 MiB, 8192 MiB
timestamp, index, name, pci.bus_id, utilization.gpu [%], utilization.memory [%], memory.used [MiB], memory.free [MiB], memory.total [MiB]
2023/06/22 19:00:05.138, 0, NVIDIA GeForce RTX 2070, 00000000:01:00.0, 26 %, 7 %, 630 MiB, 7352 MiB, 8192 MiB
timestamp, index, name, pci.bus_id, utilization.gpu [%], utilization.memory [%], memory.used [MiB], memory.free [MiB], memory.total [MiB]
2023/06/22 19:00:06.165, 0, NVIDIA GeForce RTX 2070, 00000000:01:00.0, 15 %, 2 %, 627 MiB, 7354 MiB, 8192 MiB
timestamp, index, name, pci.bus_id, utilization.gpu [%], utilization.memory [%], memory.used [MiB], memory.free [MiB], memory.total [MiB]
2023/06/22 19:00:07.191, 0, NVIDIA GeForce RTX 2070, 00000000:01:00.0, 25 %, 4 %, 675 MiB, 7306 MiB, 8192 MiB
timestamp, index, name, pci.bus_id, utilization.gpu [%], utilization.memory [%], memory.used [MiB], memory.free [MiB], memory.total [MiB]
2023/06/22 19:00:08.221, 0, NVIDIA GeForce RTX 2070, 00000000:01:00.0, 5 %, 1 %, 671 MiB, 7311 MiB, 8192 MiB
timestamp, index, name, pci.bus_id, utilization.gpu [%], utilization.memory [%], memory.used [MiB], memory.free [MiB], memory.total [MiB]
2023/06/22 19:00:09.242, 0, NVIDIA GeForce RTX 2070, 00000000:01:00.0, 13 %, 5 %, 662 MiB, 7319 MiB, 8192 MiB
timestamp, index, name, pci.bus_id, utilization.gpu [%], utilization.memory [%], memory.used [MiB], memory.free [MiB], memory.total [MiB]
2023/06/22 19:00:10.267, 0, NVIDIA GeForce RTX 2070, 00000000:01:00.0, 7 %, 5 %, 658 MiB, 7323 MiB, 8192 MiB
timestamp, index, name, pci.bus_id, utilization.gpu [%], utilization.memory [%], memory.used [MiB], memory.free [MiB], memory.total [MiB]
2023/06/22 19:00:11.296, 0, NVIDIA GeForce RTX 2070, 00000000:01:00.0, 13 %, 9 %, 647 MiB, 7334 MiB, 8192 MiB
timestamp, index, name, pci.bus_id, utilization.gpu [%], utilization.memory [%], memory.used [MiB], memory.free [MiB], memory.total [MiB]
2023/06/22 19:00:12.326, 0, NVIDIA GeForce RTX 2070, 00000000:01:00.0, 21 %, 12 %, 627 MiB, 7355 MiB, 8192 MiB
timestamp, index, name, pci.bus_id, utilization.gpu [%], utilization.memory [%], memory.used [MiB], memory.free [MiB], memory.total [MiB]
2023/06/22 19:00:13.355, 0, NVIDIA GeForce RTX 2070, 00000000:01:00.0, 8 %, 8 %, 601 MiB, 7381 MiB, 8192 MiB
timestamp, index, name, pci.bus_id, utilization.gpu [%], utilization.memory [%], memory.used [MiB], memory.free [MiB], memory.total [MiB]
2023/06/22 19:00:14.378, 0, NVIDIA GeForce RTX 2070, 00000000:01:00.0, 9 %, 7 %, 597 MiB, 7385 MiB, 8192 MiB
timestamp, index, name, pci.bus_id, utilization.gpu [%], utilization.memory [%], memory.used [MiB], memory.free [MiB], memory.total [MiB]
2023/06/22 19:00:15.404, 0, NVIDIA GeForce RTX 2070, 00000000:01:00.0, 27 %, 13 %, 597 MiB, 7385 MiB, 8192 MiB
timestamp, index, name, pci.bus_id, utilization.gpu [%], utilization.memory [%], memory.used [MiB], memory.free [MiB], memory.total [MiB]
2023/06/22 19:00:16.433, 0, NVIDIA GeForce RTX 2070, 00000000:01:00.0, 11 %, 7 %, 597 MiB, 7385 MiB, 8192 MiB
timestamp, index, name, pci.bus_id, utilization.gpu [%], utilization.memory [%], memory.used [MiB], memory.free [MiB], memory.total [MiB]
2023/06/22 19:00:17.454, 0, NVIDIA GeForce RTX 2070, 00000000:01:00.0, 29 %, 13 %, 598 MiB, 7383 MiB, 8192 MiB
timestamp, index, name, pci.bus_id, utilization.gpu [%], utilization.memory [%], memory.used [MiB], memory.free [MiB], memory.total [MiB]
2023/06/22 19:00:18.479, 0, NVIDIA GeForce RTX 2070, 00000000:01:00.0, 22 %, 10 %, 598 MiB, 7383 MiB, 8192 MiB
timestamp, index, name, pci.bus_id, utilization.gpu [%], utilization.memory [%], memory.used [MiB], memory.free [MiB], memory.total [MiB]
2023/06/22 19:00:19.504, 0, NVIDIA GeForce RTX 2070, 00000000:01:00.0, 16 %, 10 %, 596 MiB, 7386 MiB, 8192 MiB
timestamp, index, name, pci.bus_id, utilization.gpu [%], utilization.memory [%], memory.used [MiB], memory.free [MiB], memory.total [MiB]
2023/06/22 19:00:20.517, 0, NVIDIA GeForce RTX 2070, 00000000:01:00.0, 13 %, 8 %, 596 MiB, 7386 MiB, 8192 MiB
timestamp, index, name, pci.bus_id, utilization.gpu [%], utilization.memory [%], memory.used [MiB], memory.free [MiB], memory.total [MiB]
2023/06/22 19:00:21.534, 0, NVIDIA GeForce RTX 2070, 00000000:01:00.0, 8 %, 7 %, 591 MiB, 7391 MiB, 8192 MiB
timestamp, index, name, pci.bus_id, utilization.gpu [%], utilization.memory [%], memory.used [MiB], memory.free [MiB], memory.total [MiB]
2023/06/22 19:00:22.547, 0, NVIDIA GeForce RTX 2070, 00000000:01:00.0, 7 %, 7 %, 588 MiB, 7394 MiB, 8192 MiB
timestamp, index, name, pci.bus_id, utilization.gpu [%], utilization.memory [%], memory.used [MiB], memory.free [MiB], memory.total [MiB]
2023/06/22 19:00:23.573, 0, NVIDIA GeForce RTX 2070, 00000000:01:00.0, 8 %, 7 %, 588 MiB, 7394 MiB, 8192 MiB
timestamp, index, name, pci.bus_id, utilization.gpu [%], utilization.memory [%], memory.used [MiB], memory.free [MiB], memory.total [MiB]
2023/06/22 19:00:24.603, 0, NVIDIA GeForce RTX 2070, 00000000:01:00.0, 19 %, 10 %, 587 MiB, 7394 MiB, 8192 MiB
timestamp, index, name, pci.bus_id, utilization.gpu [%], utilization.memory [%], memory.used [MiB], memory.free [MiB], memory.total [MiB]
2023/06/22 19:00:25.623, 0, NVIDIA GeForce RTX 2070, 00000000:01:00.0, 10 %, 8 %, 587 MiB, 7394 MiB, 8192 MiB
timestamp, index, name, pci.bus_id, utilization.gpu [%], utilization.memory [%], memory.used [MiB], memory.free [MiB], memory.total [MiB]
2023/06/22 19:00:26.636, 0, NVIDIA GeForce RTX 2070, 00000000:01:00.0, 6 %, 6 %, 587 MiB, 7394 MiB, 8192 MiB
timestamp, index, name, pci.bus_id, utilization.gpu [%], utilization.memory [%], memory.used [MiB], memory.free [MiB], memory.total [MiB]
2023/06/22 19:00:27.653, 0, NVIDIA GeForce RTX 2070, 00000000:01:00.0, 17 %, 9 %, 587 MiB, 7394 MiB, 8192 MiB
timestamp, index, name, pci.bus_id, utilization.gpu [%], utilization.memory [%], memory.used [MiB], memory.free [MiB], memory.total [MiB]
2023/06/22 19:00:28.669, 0, NVIDIA GeForce RTX 2070, 00000000:01:00.0, 15 %, 9 %, 587 MiB, 7395 MiB, 8192 MiB
timestamp, index, name, pci.bus_id, utilization.gpu [%], utilization.memory [%], memory.used [MiB], memory.free [MiB], memory.total [MiB]
2023/06/22 19:00:29.689, 0, NVIDIA GeForce RTX 2070, 00000000:01:00.0, 9 %, 7 %, 587 MiB, 7395 MiB, 8192 MiB
timestamp, index, name, pci.bus_id, utilization.gpu [%], utilization.memory [%], memory.used [MiB], memory.free [MiB], memory.total [MiB]
2023/06/22 19:00:30.704, 0, NVIDIA GeForce RTX 2070, 00000000:01:00.0, 6 %, 6 %, 587 MiB, 7395 MiB, 8192 MiB
timestamp, index, name, pci.bus_id, utilization.gpu [%], utilization.memory [%], memory.used [MiB], memory.free [MiB], memory.total [MiB]
2023/06/22 19:00:31.734, 0, NVIDIA GeForce RTX 2070, 00000000:01:00.0, 20 %, 11 %, 587 MiB, 7395 MiB, 8192 MiB
timestamp, index, name, pci.bus_id, utilization.gpu [%], utilization.memory [%], memory.used [MiB], memory.free [MiB], memory.total [MiB]
2023/06/22 19:00:32.759, 0, NVIDIA GeForce RTX 2070, 00000000:01:00.0, 8 %, 7 %, 586 MiB, 7395 MiB, 8192 MiB
timestamp, index, name, pci.bus_id, utilization.gpu [%], utilization.memory [%], memory.used [MiB], memory.free [MiB], memory.total [MiB]
2023/06/22 19:00:33.783, 0, NVIDIA GeForce RTX 2070, 00000000:01:00.0, 9 %, 7 %, 586 MiB, 7395 MiB, 8192 MiB
timestamp, index, name, pci.bus_id, utilization.gpu [%], utilization.memory [%], memory.used [MiB], memory.free [MiB], memory.total [MiB]
2023/06/22 19:00:34.801, 0, NVIDIA GeForce RTX 2070, 00000000:01:00.0, 24 %, 12 %, 586 MiB, 7395 MiB, 8192 MiB
timestamp, index, name, pci.bus_id, utilization.gpu [%], utilization.memory [%], memory.used [MiB], memory.free [MiB], memory.total [MiB]
2023/06/22 19:00:35.826, 0, NVIDIA GeForce RTX 2070, 00000000:01:00.0, 7 %, 1 %, 594 MiB, 7387 MiB, 8192 MiB
timestamp, index, name, pci.bus_id, utilization.gpu [%], utilization.memory [%], memory.used [MiB], memory.free [MiB], memory.total [MiB]
2023/06/22 19:00:36.847, 0, NVIDIA GeForce RTX 2070, 00000000:01:00.0, 1 %, 0 %, 594 MiB, 7387 MiB, 8192 MiB
timestamp, index, name, pci.bus_id, utilization.gpu [%], utilization.memory [%], memory.used [MiB], memory.free [MiB], memory.total [MiB]
2023/06/22 19:00:37.867, 0, NVIDIA GeForce RTX 2070, 00000000:01:00.0, 4 %, 3 %, 594 MiB, 7387 MiB, 8192 MiB
timestamp, index, name, pci.bus_id, utilization.gpu [%], utilization.memory [%], memory.used [MiB], memory.free [MiB], memory.total [MiB]
2023/06/22 19:00:38.887, 0, NVIDIA GeForce RTX 2070, 00000000:01:00.0, 3 %, 3 %, 594 MiB, 7387 MiB, 8192 MiB
timestamp, index, name, pci.bus_id, utilization.gpu [%], utilization.memory [%], memory.used [MiB], memory.free [MiB], memory.total [MiB]
2023/06/22 19:00:39.907, 0, NVIDIA GeForce RTX 2070, 00000000:01:00.0, 10 %, 8 %, 594 MiB, 7387 MiB, 8192 MiB
timestamp, index, name, pci.bus_id, utilization.gpu [%], utilization.memory [%], memory.used [MiB], memory.free [MiB], memory.total [MiB]
2023/06/22 19:00:40.927, 0, NVIDIA GeForce RTX 2070, 00000000:01:00.0, 6 %, 6 %, 581 MiB, 7400 MiB, 8192 MiB
timestamp, index, name, pci.bus_id, utilization.gpu [%], utilization.memory [%], memory.used [MiB], memory.free [MiB], memory.total [MiB]
2023/06/22 19:00:41.941, 0, NVIDIA GeForce RTX 2070, 00000000:01:00.0, 20 %, 11 %, 584 MiB, 7398 MiB, 8192 MiB
timestamp, index, name, pci.bus_id, utilization.gpu [%], utilization.memory [%], memory.used [MiB], memory.free [MiB], memory.total [MiB]
2023/06/22 19:00:42.969, 0, NVIDIA GeForce RTX 2070, 00000000:01:00.0, 28 %, 9 %, 603 MiB, 7378 MiB, 8192 MiB
timestamp, index, name, pci.bus_id, utilization.gpu [%], utilization.memory [%], memory.used [MiB], memory.free [MiB], memory.total [MiB]
2023/06/22 19:00:43.998, 0, NVIDIA GeForce RTX 2070, 00000000:01:00.0, 14 %, 3 %, 600 MiB, 7382 MiB, 8192 MiB
timestamp, index, name, pci.bus_id, utilization.gpu [%], utilization.memory [%], memory.used [MiB], memory.free [MiB], memory.total [MiB]
2023/06/22 19:00:45.023, 0, NVIDIA GeForce RTX 2070, 00000000:01:00.0, 3 %, 1 %, 604 MiB, 7378 MiB, 8192 MiB
